"","LakeClass","c","rho"
"1","Complex Cool Clear",0.166523151233547,1.00735056958628
"2","Complex Cool Dark",0.165462977924374,1.01788358232053
"3","Complex Riverine",0.157110008530102,1.04929505153887
"4","Complex Two Story",0.179890474947376,1.01565905377263
"5","Complex Warm Clear",0.218343787786612,0.952046097313024
"6","Complex Warm Dark",0.232007898607974,0.96714475572417
